Workbook

Sheet Adv Filters
A1: Std.ID | B1: Name | C1: Dept | D1: Attendence | E1: CGPA
A2: 146 | B2: Vinay | C2: AI&DS | D2: 0.75 | E2: 8.48
A3: 158 | B3: Praveen | C3: CSE | D3: 0.62 | E3: 8
A4: 159 | B4: Ravi | C4: DS | D4: 0.68 | E4: 8.2
A5: 150 | B5: Deepthi | C5: AI&ML | D5: 0.8 | E5: 8.3 | L5: Std.ID | M5: Name | N5: Dept | O5: Attendence | P5: CGPA
A6: 148 | B6: Subbu | C6: ML | D6: 0.62 | E6: 8.1 | L6: 150 | M6: Deepthi | N6: AI&ML | O6: 0.8 | P6: 8.3
A7: 195 | B7: Yaga | C7: IT | D7: 0.81 | E7: 7.9 | L7: 195 | M7: Yaga | N7: IT | O7: 0.81 | P7: 7.9
A9: Std.ID | B9: Name | C9: Dept | D9: Attendence | E9: CGPA
D10: >75%
B11: vinay | L11: Std.ID | M11: Name | N11: Dept | O11: Attendence | P11: CGPA
B12: Ravi
L14: 146 | M14: Vinay | N14: AI&DS | O14: 0.75 | P14: 8.48
A15: Std.ID | B15: Name | C15: Dept | D15: Attendence | E15: CGPA | L15: 150 | M15: Deepthi | N15: AI&ML | O15: 0.8 | P15: 8.3
A16: 146 | B16: Vinay | C16: AI&DS | D16: 0.75 | E16: 8.48 | L16: 195 | M16: Yaga | N16: IT | O16: 0.81 | P16: 7.9
L20: Std.ID | M20: Name | N20: Dept | O20: Attendence | P20: CGPA
L21: 146 | M21: Vinay | N21: AI&DS | O21: 0.75 | P21: 8.48
L22: 159 | M22: Ravi | N22: DS | O22: 0.68 | P22: 8.2
L23: 150 | M23: Deepthi | N23: AI&ML | O23: 0.8 | P23: 8.3
L24: 195 | M24: Yaga | N24: IT | O24: 0.81 | P24: 7.9

Sheet lookup functions
A1: Std.ID | B1: Name | C1: Dept | D1: Attendence | E1: CGPA | L1: Std.ID | M1: 146 | N1: 158 | O1: 159 | P1: 150 | Q1: 148 | R1: 195
A2: 146 | B2: Vinay | C2: AI&DS | D2: 0.75 | E2: 8.48 | L2: Name | M2: Vinay | N2: Praveen | O2: Ravi | P2: Deepthi | Q2: Subbu | R2: Yaga
A3: 158 | B3: Praveen | C3: CSE | D3: 0.62 | E3: 8 | L3: Dept | M3: AI&DS | N3: CSE | O3: DS | P3: AI&ML | Q3: ML | R3: IT
A4: 159 | B4: Ravi | C4: DS | D4: 0.68 | E4: 8.2 | L4: Attendence | M4: 0.75 | N4: 0.62 | O4: 0.68 | P4: 0.8 | Q4: 0.62 | R4: 0.81
A5: 150 | B5: Deepthi | C5: AI&ML | D5: 0.8 | E5: 8.3 | L5: CGPA | M5: 8.48 | N5: 8 | O5: 8.2 | P5: 8.3 | Q5: 8.1 | R5: 7.9
A6: 148 | B6: Subbu | C6: ML | D6: 0.62 | E6: 8.1
A7: 195 | B7: Yaga | C7: IT | D7: 0.81 | E7: 7.9
A10: vlookup function | C10: = | D10: =VLOOKUP(150,A1:E7,2,FALSE) -> Deepthi | L10: hlookup function | M10: = | N10: =HLOOKUP(M1,L1:R5,2,FALSE) -> Vinay
H16: Std.ID | I16: Name | J16: Dept | K16: Attendence | L16: CGPA
H17: 146 | I17: Vinay | J17: AI&DS | K17: 0.75 | L17: 8.48
H18: 158 | I18: Praveen | J18: CSE | K18: 0.62 | L18: 8
H19: 159 | I19: Ravi | J19: DS | K19: 0.68 | L19: 8.2
H20: 150 | I20: Deepthi | J20: AI&ML | K20: 0.8 | L20: 8.3
H21: 148 | I21: Subbu | J21: ML | K21: 0.62 | L21: 8.1
H22: 195 | I22: Yaga | J22: IT | K22: 0.81 | L22: 7.9
H27: xlookup function | I27: = | J27: =_xlfn.XLOOKUP(H17,H17:H22,K17:K22,"no") -> 0.75
J29: =_xlfn.XLOOKUP(H19,H17:H22,L17:L22,"") -> 8.2

Sheet data extraction by lookup func
A1: Std.ID | B1: Name | C1: attendence
A2: 146 | B2: Vinay | C2: =VLOOKUP(A2,'lookup functions'!A1:E7,4,FALSE) -> 0.75
A3: 195 | B3: Yaga | C3: =VLOOKUP(A3,'lookup functions'!A2:E8,4,FALSE) -> 0.81
A4: 159 | B4: Ravi | C4: =VLOOKUP(A4,'lookup functions'!A3:E9,4,FALSE) -> 0.68
A5: 148 | B5: Subbu | C5: =VLOOKUP(A5,'lookup functions'!A4:E10,4,FALSE) -> 0.62
A6: 158 | B6: Praveen | C6: =VLOOKUP(A6,'lookup functions'!A1:E7,4,FALSE) -> 0.62
A7: 150 | B7: Deepthi | C7: =VLOOKUP(A7,'lookup functions'!A2:E8,4,FALSE) -> 0.8

Sheet date func
A1: Date Functions
A2: today | B2: = | C2: =TODAY() -> 46202
A3: now | B3: = | C3: =NOW() -> 46202.979
A4: Date | B4: = | C4: =DATE(2026,6,29) -> 46202
A5: Day | B5: = | C5: =DAY(TODAY()) -> 29
A6: day | B6: = | C6: =DAY(TODAY()+10) -> 9
A7: month | B7: = | C7: =MONTH(TODAY()) -> 6
A8: year | B8: = | C8: =YEAR(C2) -> 2026
A9: weekend | B9: = | C9: =WEEKDAY(C2) -> 2
A10: text | B10: = | C10: =TEXT(C9,"dddd") -> Monday
A11: edate | B11: = | C11: =EDATE(C2,2) -> 46263
A12: eomonth | B12: = | C12: =EOMONTH(C2,1) -> 46234
